packet_id,flow_id,priority,t_arrival_ms,t_first_tx_ms,t_done_ms,queue_delay_ms,sojourn_ms,deadline_ms,is_deadline_missed,outcome,tx_count,is_success,mcs,snr_db,bler,bandwidth_eff_mhz,bits_per_slot_eff,packet_bits
HRP-000000,HRP,2,0,0,1,0,1,4,False,delivered,1,True,16QAM,36.45825542208903,2.559943368396489e-10,0.2,600,256
SRP-000000,SRP,3,0,1,4,1,4,50,False,delivered,3,True,16QAM,40.68683874481418,1.5999646052478056e-09,0.2,600,1600
HRP-000001,HRP,2,4,4,5,0,1,4,False,delivered,1,True,16QAM,54.63165600342958,2.559943368396489e-10,0.2,600,256
ETC-000000,ETC,1,6,6,7,0,1,1,False,delivered,1,True,16QAM,64.69818613414346,1.2799716841982445e-10,0.2,600,128
ETC-000001,ETC,1,7,7,8,0,1,1,False,delivered,1,True,16QAM,50.75108605235857,1.2799716841982445e-10,0.2,600,128
HRP-000002,HRP,2,8,8,9,0,1,4,False,delivered,1,True,16QAM,60.53126567756328,2.559943368396489e-10,0.2,600,256
ETC-000002,ETC,1,9,9,10,0,1,1,False,delivered,1,True,16QAM,64.41446500412621,1.2799716841982445e-10,0.2,600,128
ETC-000003,ETC,1,11,11,12,0,1,1,False,delivered,1,True,16QAM,61.55119702846039,1.2799716841982445e-10,0.2,600,128
HRP-000003,HRP,2,12,12,13,0,1,4,False,delivered,1,True,16QAM,47.699510577022046,2.559943368396489e-10,0.2,600,256
HRP-000004,HRP,2,16,16,17,0,1,4,False,delivered,1,True,16QAM,58.69390074937033,2.559943368396489e-10,0.2,600,256
ETC-000004,ETC,1,18,18,19,0,1,1,False,delivered,1,True,16QAM,52.523703769654276,1.2799716841982445e-10,0.2,600,128
HRP-000005,HRP,2,20,20,21,0,1,4,False,delivered,1,True,16QAM,63.57929853206936,2.559943368396489e-10,0.2,600,256
SRP-000001,SRP,3,20,21,24,1,4,50,False,delivered,3,True,16QAM,48.76989963213832,1.5999646052478056e-09,0.2,600,1600
ETC-000005,ETC,1,24,24,25,0,1,1,False,delivered,1,True,16QAM,42.62890330396975,1.2799716841982445e-10,0.2,600,128
HRP-000006,HRP,2,24,25,26,1,2,4,False,delivered,1,True,16QAM,64.62848055212427,2.559943368396489e-10,0.2,600,256
HRP-000007,HRP,2,28,28,29,0,1,4,False,delivered,1,True,16QAM,51.176892606140626,2.559943368396489e-10,0.2,600,256
HRP-000008,HRP,2,32,32,33,0,1,4,False,delivered,1,True,16QAM,67.07686702795458,2.559943368396489e-10,0.2,600,256
ETC-000006,ETC,1,36,36,37,0,1,1,False,delivered,1,True,16QAM,66.49503540239068,1.2799716841982445e-10,0.2,600,128
HRP-000009,HRP,2,36,38,39,2,3,4,False,delivered,1,True,16QAM,64.25696683930309,2.559943368396489e-10,0.2,600,256
ETC-000007,ETC,1,37,37,38,0,1,1,False,delivered,1,True,16QAM,52.407963619690314,1.2799716841982445e-10,0.2,600,128
ETC-000008,ETC,1,40,40,41,0,1,1,False,delivered,1,True,16QAM,58.27223597457024,1.2799716841982445e-10,0.2,600,128
HRP-000010,HRP,2,40,42,43,2,3,4,False,delivered,1,True,16QAM,66.02387680345957,2.559943368396489e-10,0.2,600,256
SRP-000002,SRP,3,40,45,52,5,12,50,False,delivered,3,True,16QAM,57.51099555836494,1.5999646052478056e-09,0.2,600,1600
ETC-000009,ETC,1,41,41,42,0,1,1,False,delivered,1,True,16QAM,68.48901033511854,1.2799716841982445e-10,0.2,600,128
ETC-000010,ETC,1,43,43,44,0,1,1,False,delivered,1,True,16QAM,48.92254000200411,1.2799716841982445e-10,0.2,600,128
HRP-000011,HRP,2,44,44,45,0,1,4,False,delivered,1,True,16QAM,57.03645869857218,2.559943368396489e-10,0.2,600,256
ETC-000011,ETC,1,47,47,48,0,1,1,False,delivered,1,True,16QAM,49.03402160729048,1.2799716841982445e-10,0.2,600,128
ETC-000012,ETC,1,48,48,49,0,1,1,False,delivered,1,True,16QAM,56.05352045945644,1.2799716841982445e-10,0.2,600,128
HRP-000012,HRP,2,48,49,50,1,2,4,False,delivered,1,True,16QAM,68.37113556351031,2.559943368396489e-10,0.2,600,256
ETC-000013,ETC,1,50,50,51,0,1,1,False,delivered,1,True,16QAM,48.304511837088015,1.2799716841982445e-10,0.2,600,128
HRP-000013,HRP,2,52,52,53,0,1,4,False,delivered,1,True,16QAM,63.08087454350127,2.559943368396489e-10,0.2,600,256
ETC-000014,ETC,1,56,56,57,0,1,1,False,delivered,1,True,16QAM,60.307307711588116,1.2799716841982445e-10,0.2,600,128
HRP-000014,HRP,2,56,57,58,1,2,4,False,delivered,1,True,16QAM,66.44123980517712,2.559943368396489e-10,0.2,600,256
ETC-000015,ETC,1,60,60,61,0,1,1,False,delivered,1,True,16QAM,59.617431484956676,1.2799716841982445e-10,0.2,600,128
HRP-000015,HRP,2,60,61,62,1,2,4,False,delivered,1,True,16QAM,60.07456825240479,2.559943368396489e-10,0.2,600,256
SRP-000003,SRP,3,60,63,67,3,7,50,False,delivered,3,True,16QAM,54.004982774062654,1.5999646052478056e-09,0.2,600,1600
ETC-000016,ETC,1,62,62,63,0,1,1,False,delivered,1,True,16QAM,51.98158139229836,1.2799716841982445e-10,0.2,600,128
HRP-000016,HRP,2,64,64,65,0,1,4,False,delivered,1,True,16QAM,55.398826261687894,2.559943368396489e-10,0.2,600,256
ETC-000017,ETC,1,67,67,68,0,1,1,False,delivered,1,True,16QAM,63.86818046640361,1.2799716841982445e-10,0.2,600,128
HRP-000017,HRP,2,68,68,69,0,1,4,False,delivered,1,True,16QAM,57.096328856531116,2.559943368396489e-10,0.2,600,256
HRP-000018,HRP,2,72,72,73,0,1,4,False,delivered,1,True,16QAM,53.94783350529897,2.559943368396489e-10,0.2,600,256
ETC-000018,ETC,1,76,76,77,0,1,1,False,delivered,1,True,16QAM,58.83914923246854,1.2799716841982445e-10,0.2,600,128
HRP-000019,HRP,2,76,78,79,2,3,4,False,delivered,1,True,16QAM,63.084809872670455,2.559943368396489e-10,0.2,600,256
ETC-000019,ETC,1,77,77,78,0,1,1,False,delivered,1,True,16QAM,61.05852859857541,1.2799716841982445e-10,0.2,600,128
HRP-000020,HRP,2,80,80,81,0,1,4,False,delivered,1,True,16QAM,66.86003349945385,2.559943368396489e-10,0.2,600,256
SRP-000004,SRP,3,80,81,84,1,4,50,False,delivered,3,True,16QAM,57.82480673177752,1.5999646052478056e-09,0.2,600,1600
HRP-000021,HRP,2,84,84,85,0,1,4,False,delivered,1,True,16QAM,60.48743227696701,2.559943368396489e-10,0.2,600,256
ETC-000020,ETC,1,86,86,87,0,1,1,False,delivered,1,True,16QAM,72.96739506269068,1.2799716841982445e-10,0.2,600,128
HRP-000022,HRP,2,88,88,89,0,1,4,False,delivered,1,True,16QAM,61.742531894979884,2.559943368396489e-10,0.2,600,256
ETC-000021,ETC,1,92,92,93,0,1,1,False,delivered,1,True,16QAM,71.08188788829,1.2799716841982445e-10,0.2,600,128
HRP-000023,HRP,2,92,93,94,1,2,4,False,delivered,1,True,16QAM,53.56150767098788,2.559943368396489e-10,0.2,600,256
ETC-000022,ETC,1,95,95,96,0,1,1,False,delivered,1,True,16QAM,66.94839688869654,1.2799716841982445e-10,0.2,600,128
ETC-000023,ETC,1,96,96,97,0,1,1,False,delivered,1,True,16QAM,67.56999592106136,1.2799716841982445e-10,0.2,600,128
HRP-000024,HRP,2,96,97,98,1,2,4,False,delivered,1,True,16QAM,49.91171613956433,2.559943368396489e-10,0.2,600,256
HRP-000025,HRP,2,100,100,101,0,1,4,False,delivered,1,True,16QAM,56.589167021031514,2.559943368396489e-10,0.2,600,256
SRP-000005,SRP,3,100,101,104,1,4,50,False,delivered,3,True,16QAM,63.23571103745962,1.5999646052478056e-09,0.2,600,1600
HRP-000026,HRP,2,104,104,105,0,1,4,False,delivered,1,True,16QAM,56.53481888921363,2.559943368396489e-10,0.2,600,256
HRP-000027,HRP,2,108,108,109,0,1,4,False,delivered,1,True,16QAM,54.25437423948594,2.559943368396489e-10,0.2,600,256
ETC-000024,ETC,1,112,112,113,0,1,1,False,delivered,1,True,16QAM,67.2147008976263,1.2799716841982445e-10,0.2,600,128
HRP-000028,HRP,2,112,113,114,1,2,4,False,delivered,1,True,16QAM,50.00182107040996,2.559943368396489e-10,0.2,600,256
ETC-000025,ETC,1,115,115,116,0,1,1,False,delivered,1,True,16QAM,48.19608555697167,1.2799716841982445e-10,0.2,600,128
ETC-000026,ETC,1,116,116,117,0,1,1,False,delivered,1,True,16QAM,60.8699782298858,1.2799716841982445e-10,0.2,600,128
HRP-000029,HRP,2,116,118,119,2,3,4,False,delivered,1,True,16QAM,56.883623377221824,2.559943368396489e-10,0.2,600,256
ETC-000027,ETC,1,117,117,118,0,1,1,False,delivered,1,True,16QAM,54.27309423104397,1.2799716841982445e-10,0.2,600,128
HRP-000030,HRP,2,120,120,121,0,1,4,False,delivered,1,True,16QAM,58.91002067683366,2.559943368396489e-10,0.2,600,256
SRP-000006,SRP,3,120,121,124,1,4,50,False,delivered,3,True,16QAM,63.00357121831094,1.5999646052478056e-09,0.2,600,1600
HRP-000031,HRP,2,124,124,125,0,1,4,False,delivered,1,True,16QAM,68.35085873744877,2.559943368396489e-10,0.2,600,256
ETC-000028,ETC,1,127,127,128,0,1,1,False,delivered,1,True,16QAM,73.28280736234747,1.2799716841982445e-10,0.2,600,128
HRP-000032,HRP,2,128,128,129,0,1,4,False,delivered,1,True,16QAM,57.02763955981368,2.559943368396489e-10,0.2,600,256
ETC-000029,ETC,1,132,132,133,0,1,1,False,delivered,1,True,16QAM,69.12334283905574,1.2799716841982445e-10,0.2,600,128
HRP-000033,HRP,2,132,133,134,1,2,4,False,delivered,1,True,16QAM,57.27900435211379,2.559943368396489e-10,0.2,600,256
HRP-000034,HRP,2,136,136,137,0,1,4,False,delivered,1,True,16QAM,58.617992498050654,2.559943368396489e-10,0.2,600,256
HRP-000035,HRP,2,140,140,141,0,1,4,False,delivered,1,True,16QAM,62.26698658682629,2.559943368396489e-10,0.2,600,256
SRP-000007,SRP,3,140,142,146,2,6,50,False,delivered,3,True,16QAM,58.04443734562419,1.5999646052478056e-09,0.2,600,1600
ETC-000030,ETC,1,141,141,142,0,1,1,False,delivered,1,True,16QAM,49.755223786683146,1.2799716841982445e-10,0.2,600,128
HRP-000036,HRP,2,144,144,145,0,1,4,False,delivered,1,True,16QAM,59.66298956561453,2.559943368396489e-10,0.2,600,256
ETC-000031,ETC,1,148,148,149,0,1,1,False,delivered,1,True,16QAM,65.40959300303165,1.2799716841982445e-10,0.2,600,128
HRP-000037,HRP,2,148,149,150,1,2,4,False,delivered,1,True,16QAM,57.65084170369747,2.559943368396489e-10,0.2,600,256
ETC-000032,ETC,1,152,152,153,0,1,1,False,delivered,1,True,16QAM,60.84284513882106,1.2799716841982445e-10,0.2,600,128
HRP-000038,HRP,2,152,153,154,1,2,4,False,delivered,1,True,16QAM,56.917238379620166,2.559943368396489e-10,0.2,600,256
HRP-000039,HRP,2,156,156,157,0,1,4,False,delivered,1,True,16QAM,58.66910881778708,2.559943368396489e-10,0.2,600,256
HRP-000040,HRP,2,160,160,161,0,1,4,False,delivered,1,True,16QAM,55.970797973160636,2.559943368396489e-10,0.2,600,256
SRP-000008,SRP,3,160,161,164,1,4,50,False,delivered,3,True,16QAM,61.889212441692564,1.5999646052478056e-09,0.2,600,1600
HRP-000041,HRP,2,164,164,165,0,1,4,False,delivered,1,True,16QAM,70.95401713549548,2.559943368396489e-10,0.2,600,256
HRP-000042,HRP,2,168,168,169,0,1,4,False,delivered,1,True,16QAM,65.13942386868408,2.559943368396489e-10,0.2,600,256
ETC-000033,ETC,1,171,171,172,0,1,1,False,delivered,1,True,16QAM,59.306496692045336,1.2799716841982445e-10,0.2,600,128
HRP-000043,HRP,2,172,172,173,0,1,4,False,delivered,1,True,16QAM,40.5623296348507,2.559943368396489e-10,0.2,600,256
ETC-000034,ETC,1,174,174,175,0,1,1,False,delivered,1,True,16QAM,57.95034441690781,1.2799716841982445e-10,0.2,600,128
HRP-000044,HRP,2,176,176,177,0,1,4,False,delivered,1,True,16QAM,61.137943967778945,2.559943368396489e-10,0.2,600,256
ETC-000035,ETC,1,179,179,180,0,1,1,False,delivered,1,True,16QAM,53.58136678875834,1.2799716841982445e-10,0.2,600,128
HRP-000045,HRP,2,180,180,181,0,1,4,False,delivered,1,True,16QAM,63.22490734862488,2.559943368396489e-10,0.2,600,256
SRP-000009,SRP,3,180,181,184,1,4,50,False,delivered,3,True,16QAM,63.23225911248963,1.5999646052478056e-09,0.2,600,1600
HRP-000046,HRP,2,184,184,185,0,1,4,False,delivered,1,True,16QAM,60.43588465982009,2.559943368396489e-10,0.2,600,256
ETC-000036,ETC,1,188,188,189,0,1,1,False,delivered,1,True,16QAM,54.138897812742535,1.2799716841982445e-10,0.2,600,128
HRP-000047,HRP,2,188,189,190,1,2,4,False,delivered,1,True,16QAM,69.545278531946,2.559943368396489e-10,0.2,600,256
HRP-000048,HRP,2,192,192,193,0,1,4,False,delivered,1,True,16QAM,63.06786130341375,2.559943368396489e-10,0.2,600,256
ETC-000037,ETC,1,193,193,194,0,1,1,False,delivered,1,True,16QAM,52.57906907564431,1.2799716841982445e-10,0.2,600,128
HRP-000049,HRP,2,196,196,197,0,1,4,False,delivered,1,True,16QAM,43.411374944572216,2.559943368396489e-10,0.2,600,256
HRP-000050,HRP,2,200,200,201,0,1,4,False,delivered,1,True,16QAM,50.90885717350058,2.559943368396489e-10,0.2,600,256
SRP-000010,SRP,3,200,201,206,1,6,50,False,delivered,3,True,16QAM,64.37968483129849,1.5999646052478056e-09,0.2,600,1600
ETC-000038,ETC,1,203,203,204,0,1,1,False,delivered,1,True,16QAM,60.78014910144371,1.2799716841982445e-10,0.2,600,128
HRP-000051,HRP,2,204,204,205,0,1,4,False,delivered,1,True,16QAM,60.96917194283147,2.559943368396489e-10,0.2,600,256
ETC-000039,ETC,1,208,208,209,0,1,1,False,delivered,1,True,16QAM,57.98546408870852,1.2799716841982445e-10,0.2,600,128
HRP-000052,HRP,2,208,209,210,1,2,4,False,delivered,1,True,16QAM,51.18691650493513,2.559943368396489e-10,0.2,600,256
HRP-000053,HRP,2,212,212,213,0,1,4,False,delivered,1,True,16QAM,62.740691883931405,2.559943368396489e-10,0.2,600,256
ETC-000040,ETC,1,215,215,216,0,1,1,False,delivered,1,True,16QAM,60.85969291817531,1.2799716841982445e-10,0.2,600,128
ETC-000041,ETC,1,216,216,217,0,1,1,False,delivered,1,True,16QAM,59.78943503874149,1.2799716841982445e-10,0.2,600,128
HRP-000054,HRP,2,216,217,218,1,2,4,False,delivered,1,True,16QAM,50.354101069123146,2.559943368396489e-10,0.2,600,256
ETC-000042,ETC,1,218,218,219,0,1,1,False,delivered,1,True,16QAM,57.62561918210161,1.2799716841982445e-10,0.2,600,128
ETC-000043,ETC,1,220,220,221,0,1,1,False,delivered,1,True,16QAM,57.16613582404493,1.2799716841982445e-10,0.2,600,128
HRP-000055,HRP,2,220,222,223,2,3,4,False,delivered,1,True,16QAM,62.77550427972625,2.559943368396489e-10,0.2,600,256
SRP-000011,SRP,3,220,227,231,7,11,50,False,delivered,3,True,16QAM,60.50310442213363,1.5999646052478056e-09,0.2,600,1600
ETC-000044,ETC,1,221,221,222,0,1,1,False,delivered,1,True,16QAM,41.86075337583227,1.2799716841982445e-10,0.2,600,128
ETC-000045,ETC,1,223,223,224,0,1,1,False,delivered,1,True,16QAM,54.817199003142235,1.2799716841982445e-10,0.2,600,128
ETC-000046,ETC,1,224,224,225,0,1,1,False,delivered,1,True,16QAM,72.19134239868511,1.2799716841982445e-10,0.2,600,128
HRP-000056,HRP,2,224,225,226,1,2,4,False,delivered,1,True,16QAM,59.873359865842474,2.559943368396489e-10,0.2,600,256
ETC-000047,ETC,1,226,226,227,0,1,1,False,delivered,1,True,16QAM,39.12145003007348,1.2799716841982445e-10,0.2,600,128
HRP-000057,HRP,2,228,228,229,0,1,4,False,delivered,1,True,16QAM,61.43311015269064,2.559943368396489e-10,0.2,600,256
ETC-000048,ETC,1,232,232,233,0,1,1,False,delivered,1,True,16QAM,61.589145840076625,1.2799716841982445e-10,0.2,600,128
HRP-000058,HRP,2,232,233,234,1,2,4,False,delivered,1,True,16QAM,54.79154444237515,2.559943368396489e-10,0.2,600,256
ETC-000049,ETC,1,235,235,236,0,1,1,False,delivered,1,True,16QAM,61.434781193050235,1.2799716841982445e-10,0.2,600,128
HRP-000059,HRP,2,236,236,237,0,1,4,False,delivered,1,True,16QAM,58.577410320773915,2.559943368396489e-10,0.2,600,256
ETC-000050,ETC,1,238,238,239,0,1,1,False,delivered,1,True,16QAM,79.35492153719322,1.2799716841982445e-10,0.2,600,128
ETC-000051,ETC,1,240,240,241,0,1,1,False,delivered,1,True,16QAM,46.27991261285602,1.2799716841982445e-10,0.2,600,128
HRP-000060,HRP,2,240,241,242,1,2,4,False,delivered,1,True,16QAM,64.31706160783358,2.559943368396489e-10,0.2,600,256
SRP-000012,SRP,3,240,243,247,3,7,50,False,delivered,3,True,16QAM,62.86017376377775,1.5999646052478056e-09,0.2,600,1600
ETC-000052,ETC,1,242,242,243,0,1,1,False,delivered,1,True,16QAM,54.38938891775366,1.2799716841982445e-10,0.2,600,128
HRP-000061,HRP,2,244,244,245,0,1,4,False,delivered,1,True,16QAM,51.17265087637317,2.559943368396489e-10,0.2,600,256
HRP-000062,HRP,2,248,248,249,0,1,4,False,delivered,1,True,16QAM,53.56365594831212,2.559943368396489e-10,0.2,600,256
HRP-000063,HRP,2,252,252,253,0,1,4,False,delivered,1,True,16QAM,60.82823121869171,2.559943368396489e-10,0.2,600,256
ETC-000053,ETC,1,256,256,257,0,1,1,False,delivered,1,True,16QAM,58.06150040570878,1.2799716841982445e-10,0.2,600,128
HRP-000064,HRP,2,256,257,258,1,2,4,False,delivered,1,True,16QAM,52.75463773051271,2.559943368396489e-10,0.2,600,256
HRP-000065,HRP,2,260,260,261,0,1,4,False,delivered,1,True,16QAM,64.80119247021166,2.559943368396489e-10,0.2,600,256
SRP-000013,SRP,3,260,261,266,1,6,50,False,delivered,3,True,16QAM,55.274388350129314,1.5999646052478056e-09,0.2,600,1600
ETC-000054,ETC,1,262,262,263,0,1,1,False,delivered,1,True,16QAM,69.3442990596716,1.2799716841982445e-10,0.2,600,128
HRP-000066,HRP,2,264,264,265,0,1,4,False,delivered,1,True,16QAM,55.27668169361179,2.559943368396489e-10,0.2,600,256
ETC-000055,ETC,1,267,267,268,0,1,1,False,delivered,1,True,16QAM,66.43730672425234,1.2799716841982445e-10,0.2,600,128
ETC-000056,ETC,1,268,268,269,0,1,1,False,delivered,1,True,16QAM,47.15729605817492,1.2799716841982445e-10,0.2,600,128
HRP-000067,HRP,2,268,269,270,1,2,4,False,delivered,1,True,16QAM,61.09688190625069,2.559943368396489e-10,0.2,600,256
HRP-000068,HRP,2,272,272,273,0,1,4,False,delivered,1,True,16QAM,60.566606380053294,2.559943368396489e-10,0.2,600,256
ETC-000057,ETC,1,275,275,276,0,1,1,False,delivered,1,True,16QAM,67.23277482041027,1.2799716841982445e-10,0.2,600,128
ETC-000058,ETC,1,276,276,277,0,1,1,False,delivered,1,True,16QAM,49.97992027551507,1.2799716841982445e-10,0.2,600,128
HRP-000069,HRP,2,276,277,278,1,2,4,False,delivered,1,True,16QAM,59.14978286376936,2.559943368396489e-10,0.2,600,256
ETC-000059,ETC,1,279,279,280,0,1,1,False,delivered,1,True,16QAM,54.74573049374716,1.2799716841982445e-10,0.2,600,128
HRP-000070,HRP,2,280,280,281,0,1,4,False,delivered,1,True,16QAM,65.22760130171112,2.559943368396489e-10,0.2,600,256
SRP-000014,SRP,3,280,281,284,1,4,50,False,delivered,3,True,16QAM,66.07378878065771,1.5999646052478056e-09,0.2,600,1600
HRP-000071,HRP,2,284,284,285,0,1,4,False,delivered,1,True,16QAM,54.91321982885224,2.559943368396489e-10,0.2,600,256
HRP-000072,HRP,2,288,288,289,0,1,4,False,delivered,1,True,16QAM,41.31490540784132,2.559943368396489e-10,0.2,600,256
HRP-000073,HRP,2,292,292,293,0,1,4,False,delivered,1,True,16QAM,59.9583230956921,2.559943368396489e-10,0.2,600,256
HRP-000074,HRP,2,296,296,297,0,1,4,False,delivered,1,True,16QAM,55.17529206339883,2.559943368396489e-10,0.2,600,256
HRP-000075,HRP,2,300,300,301,0,1,4,False,delivered,1,True,16QAM,62.13391354619843,2.559943368396489e-10,0.2,600,256
SRP-000015,SRP,3,300,301,306,1,6,50,False,delivered,3,True,16QAM,65.29486308288875,1.5999646052478056e-09,0.2,600,1600
ETC-000060,ETC,1,302,302,303,0,1,1,False,delivered,1,True,16QAM,66.97998317419359,1.2799716841982445e-10,0.2,600,128
HRP-000076,HRP,2,304,304,305,0,1,4,False,delivered,1,True,16QAM,50.16120407411701,2.559943368396489e-10,0.2,600,256
ETC-000061,ETC,1,308,308,309,0,1,1,False,delivered,1,True,16QAM,63.3592591030512,1.2799716841982445e-10,0.2,600,128
HRP-000077,HRP,2,308,309,310,1,2,4,False,delivered,1,True,16QAM,62.915457799225905,2.559943368396489e-10,0.2,600,256
HRP-000078,HRP,2,312,312,313,0,1,4,False,delivered,1,True,16QAM,60.643242234421315,2.559943368396489e-10,0.2,600,256
ETC-000062,ETC,1,313,313,314,0,1,1,False,delivered,1,True,16QAM,62.579317745596384,1.2799716841982445e-10,0.2,600,128
HRP-000079,HRP,2,316,316,317,0,1,4,False,delivered,1,True,16QAM,53.90849284710629,2.559943368396489e-10,0.2,600,256
ETC-000063,ETC,1,319,319,320,0,1,1,False,delivered,1,True,16QAM,70.60180589828329,1.2799716841982445e-10,0.2,600,128
HRP-000080,HRP,2,320,320,321,0,1,4,False,delivered,1,True,16QAM,71.82944462289721,2.559943368396489e-10,0.2,600,256
SRP-000016,SRP,3,320,321,324,1,4,50,False,delivered,3,True,16QAM,59.80592795238603,1.5999646052478056e-09,0.2,600,1600
HRP-000081,HRP,2,324,324,325,0,1,4,False,delivered,1,True,16QAM,67.65144565615462,2.559943368396489e-10,0.2,600,256
HRP-000082,HRP,2,328,328,329,0,1,4,False,delivered,1,True,16QAM,70.85794757916672,2.559943368396489e-10,0.2,600,256
ETC-000064,ETC,1,329,329,330,0,1,1,False,delivered,1,True,16QAM,69.40558863279692,1.2799716841982445e-10,0.2,600,128
HRP-000083,HRP,2,332,332,333,0,1,4,False,delivered,1,True,16QAM,32.532284148902136,2.559943368396489e-10,0.2,600,256
HRP-000084,HRP,2,336,336,337,0,1,4,False,delivered,1,True,16QAM,60.691259776924255,2.559943368396489e-10,0.2,600,256
ETC-000065,ETC,1,337,337,338,0,1,1,False,delivered,1,True,16QAM,67.8039331132308,1.2799716841982445e-10,0.2,600,128
ETC-000066,ETC,1,339,339,340,0,1,1,False,delivered,1,True,16QAM,55.9810615365314,1.2799716841982445e-10,0.2,600,128
ETC-000067,ETC,1,340,340,341,0,1,1,False,delivered,1,True,16QAM,63.63673352816528,1.2799716841982445e-10,0.2,600,128
HRP-000085,HRP,2,340,341,342,1,2,4,False,delivered,1,True,16QAM,55.86628305924169,2.559943368396489e-10,0.2,600,256
SRP-000017,SRP,3,340,343,350,3,10,50,False,delivered,3,True,16QAM,62.516661304969006,1.5999646052478056e-09,0.2,600,1600
ETC-000068,ETC,1,342,342,343,0,1,1,False,delivered,1,True,16QAM,61.727225810720476,1.2799716841982445e-10,0.2,600,128
ETC-000069,ETC,1,344,344,345,0,1,1,False,delivered,1,True,16QAM,46.63422581445724,1.2799716841982445e-10,0.2,600,128
HRP-000086,HRP,2,344,345,346,1,2,4,False,delivered,1,True,16QAM,63.44883036319578,2.559943368396489e-10,0.2,600,256
ETC-000070,ETC,1,346,346,347,0,1,1,False,delivered,1,True,16QAM,39.26349408604288,1.2799716841982445e-10,0.2,600,128
HRP-000087,HRP,2,348,348,349,0,1,4,False,delivered,1,True,16QAM,64.24206184087136,2.559943368396489e-10,0.2,600,256
HRP-000088,HRP,2,352,352,353,0,1,4,False,delivered,1,True,16QAM,62.29348700273904,2.559943368396489e-10,0.2,600,256
HRP-000089,HRP,2,356,356,357,0,1,4,False,delivered,1,True,16QAM,52.16643662671891,2.559943368396489e-10,0.2,600,256
HRP-000090,HRP,2,360,360,361,0,1,4,False,delivered,1,True,16QAM,36.71775274684114,2.559943368396489e-10,0.2,600,256
SRP-000018,SRP,3,360,362,366,2,6,50,False,delivered,3,True,16QAM,61.880214394499674,1.5999646052478056e-09,0.2,600,1600
ETC-000071,ETC,1,361,361,362,0,1,1,False,delivered,1,True,16QAM,55.97393766382683,1.2799716841982445e-10,0.2,600,128
HRP-000091,HRP,2,364,364,365,0,1,4,False,delivered,1,True,16QAM,45.36254458831934,2.559943368396489e-10,0.2,600,256
HRP-000092,HRP,2,368,368,369,0,1,4,False,delivered,1,True,16QAM,62.95149701758744,2.559943368396489e-10,0.2,600,256
ETC-000072,ETC,1,372,372,373,0,1,1,False,delivered,1,True,16QAM,62.15514239095826,1.2799716841982445e-10,0.2,600,128
HRP-000093,HRP,2,372,373,374,1,2,4,False,delivered,1,True,16QAM,66.99118876020417,2.559943368396489e-10,0.2,600,256
ETC-000073,ETC,1,374,374,375,0,1,1,False,delivered,1,True,16QAM,61.81914965118598,1.2799716841982445e-10,0.2,600,128
HRP-000094,HRP,2,376,376,377,0,1,4,False,delivered,1,True,16QAM,67.91064058571534,2.559943368396489e-10,0.2,600,256
ETC-000074,ETC,1,380,380,381,0,1,1,False,delivered,1,True,16QAM,66.40180783540887,1.2799716841982445e-10,0.2,600,128
HRP-000095,HRP,2,380,381,382,1,2,4,False,delivered,1,True,16QAM,56.374915283003034,2.559943368396489e-10,0.2,600,256
SRP-000019,SRP,3,380,382,387,2,7,50,False,delivered,3,True,16QAM,63.0362020228082,1.5999646052478056e-09,0.2,600,1600
ETC-000075,ETC,1,383,383,384,0,1,1,False,delivered,1,True,16QAM,59.366422806260886,1.2799716841982445e-10,0.2,600,128
HRP-000096,HRP,2,384,384,385,0,1,4,False,delivered,1,True,16QAM,61.82333376516296,2.559943368396489e-10,0.2,600,256
HRP-000097,HRP,2,388,388,389,0,1,4,False,delivered,1,True,16QAM,63.997696709027366,2.559943368396489e-10,0.2,600,256
HRP-000098,HRP,2,392,392,393,0,1,4,False,delivered,1,True,16QAM,46.11108016935607,2.559943368396489e-10,0.2,600,256
ETC-000076,ETC,1,396,396,397,0,1,1,False,delivered,1,True,16QAM,54.33011659750881,1.2799716841982445e-10,0.2,600,128
HRP-000099,HRP,2,396,397,398,1,2,4,False,delivered,1,True,16QAM,55.106006077252886,2.559943368396489e-10,0.2,600,256
ETC-000077,ETC,1,400,400,401,0,1,1,False,delivered,1,True,16QAM,68.45857195177165,1.2799716841982445e-10,0.2,600,128
HRP-000100,HRP,2,400,401,402,1,2,4,False,delivered,1,True,16QAM,53.880123285131276,2.559943368396489e-10,0.2,600,256
SRP-000020,SRP,3,400,403,408,3,8,50,False,delivered,3,True,16QAM,58.3676635274379,1.5999646052478056e-09,0.2,600,1600
ETC-000078,ETC,1,402,402,403,0,1,1,False,delivered,1,True,16QAM,46.18479207669451,1.2799716841982445e-10,0.2,600,128
ETC-000079,ETC,1,404,404,405,0,1,1,False,delivered,1,True,16QAM,67.44019828754718,1.2799716841982445e-10,0.2,600,128
HRP-000101,HRP,2,404,405,406,1,2,4,False,delivered,1,True,16QAM,56.24825281272082,2.559943368396489e-10,0.2,600,256
HRP-000102,HRP,2,408,408,409,0,1,4,False,delivered,1,True,16QAM,48.27375987491128,2.559943368396489e-10,0.2,600,256
ETC-000080,ETC,1,409,409,410,0,1,1,False,delivered,1,True,16QAM,60.87411275568938,1.2799716841982445e-10,0.2,600,128
ETC-000081,ETC,1,411,411,412,0,1,1,False,delivered,1,True,16QAM,59.6732339588217,1.2799716841982445e-10,0.2,600,128
HRP-000103,HRP,2,412,412,413,0,1,4,False,delivered,1,True,16QAM,59.751345652552,2.559943368396489e-10,0.2,600,256
ETC-000082,ETC,1,416,416,417,0,1,1,False,delivered,1,True,16QAM,62.75715995088746,1.2799716841982445e-10,0.2,600,128
HRP-000104,HRP,2,416,417,418,1,2,4,False,delivered,1,True,16QAM,60.64001338127068,2.559943368396489e-10,0.2,600,256
HRP-000105,HRP,2,420,420,421,0,1,4,False,delivered,1,True,16QAM,52.497175857387866,2.559943368396489e-10,0.2,600,256
SRP-000021,SRP,3,420,421,424,1,4,50,False,delivered,3,True,16QAM,42.53618641655963,1.5999646052478056e-09,0.2,600,1600
HRP-000106,HRP,2,424,424,425,0,1,4,False,delivered,1,True,16QAM,58.09230255982421,2.559943368396489e-10,0.2,600,256
ETC-000083,ETC,1,428,428,429,0,1,1,False,delivered,1,True,16QAM,26.143111340051167,1.2799716841982445e-10,0.2,600,128
HRP-000107,HRP,2,428,429,430,1,2,4,False,delivered,1,True,16QAM,48.86391908602902,2.559943368396489e-10,0.2,600,256
ETC-000084,ETC,1,431,431,432,0,1,1,False,delivered,1,True,16QAM,64.58529173815018,1.2799716841982445e-10,0.2,600,128
HRP-000108,HRP,2,432,432,433,0,1,4,False,delivered,1,True,16QAM,67.4107427286828,2.559943368396489e-10,0.2,600,256
ETC-000085,ETC,1,433,433,434,0,1,1,False,delivered,1,True,16QAM,64.59230811018944,1.2799716841982445e-10,0.2,600,128
HRP-000109,HRP,2,436,436,437,0,1,4,False,delivered,1,True,16QAM,57.93602871152935,2.559943368396489e-10,0.2,600,256
HRP-000110,HRP,2,440,440,441,0,1,4,False,delivered,1,True,16QAM,65.11584992307482,2.559943368396489e-10,0.2,600,256
SRP-000022,SRP,3,440,441,444,1,4,50,False,delivered,3,True,16QAM,52.490013871761825,1.5999646052478056e-09,0.2,600,1600
HRP-000111,HRP,2,444,444,445,0,1,4,False,delivered,1,True,16QAM,57.65440052428982,2.559943368396489e-10,0.2,600,256
HRP-000112,HRP,2,448,448,449,0,1,4,False,delivered,1,True,16QAM,50.21727802449539,2.559943368396489e-10,0.2,600,256
HRP-000113,HRP,2,452,452,453,0,1,4,False,delivered,1,True,16QAM,57.572715474596734,2.559943368396489e-10,0.2,600,256
HRP-000114,HRP,2,456,456,457,0,1,4,False,delivered,1,True,16QAM,54.13298939844207,2.559943368396489e-10,0.2,600,256
HRP-000115,HRP,2,460,460,461,0,1,4,False,delivered,1,True,16QAM,61.170489517814204,2.559943368396489e-10,0.2,600,256
SRP-000023,SRP,3,460,461,464,1,4,50,False,delivered,3,True,16QAM,52.37694374820741,1.5999646052478056e-09,0.2,600,1600
ETC-000086,ETC,1,464,464,465,0,1,1,False,delivered,1,True,16QAM,35.38763962483115,1.2799716841982445e-10,0.2,600,128
HRP-000116,HRP,2,464,465,466,1,2,4,False,delivered,1,True,16QAM,62.57698878876188,2.559943368396489e-10,0.2,600,256
ETC-000087,ETC,1,468,468,469,0,1,1,False,delivered,1,True,16QAM,65.52685918199221,1.2799716841982445e-10,0.2,600,128
HRP-000117,HRP,2,468,,472,,4,4,True,dropped_deadline,0,False,,,0.0,0.2,0,256
ETC-000088,ETC,1,469,469,470,0,1,1,False,delivered,1,True,16QAM,59.3439251037234,1.2799716841982445e-10,0.2,600,128
ETC-000089,ETC,1,470,470,471,0,1,1,False,delivered,1,True,16QAM,65.2742559969264,1.2799716841982445e-10,0.2,600,128
ETC-000090,ETC,1,471,471,472,0,1,1,False,delivered,1,True,16QAM,48.751246457831094,1.2799716841982445e-10,0.2,600,128
HRP-000118,HRP,2,472,472,473,0,1,4,False,delivered,1,True,16QAM,67.80794701923475,2.559943368396489e-10,0.2,600,256
ETC-000091,ETC,1,476,476,477,0,1,1,False,delivered,1,True,16QAM,54.29103115471676,1.2799716841982445e-10,0.2,600,128
HRP-000119,HRP,2,476,477,478,1,2,4,False,delivered,1,True,16QAM,52.076876259758265,2.559943368396489e-10,0.2,600,256
HRP-000120,HRP,2,480,480,481,0,1,4,False,delivered,1,True,16QAM,51.27399231982352,2.559943368396489e-10,0.2,600,256
SRP-000024,SRP,3,480,481,484,1,4,50,False,delivered,3,True,16QAM,56.87725782074675,1.5999646052478056e-09,0.2,600,1600
ETC-000092,ETC,1,484,484,485,0,1,1,False,delivered,1,True,16QAM,54.29372908196466,1.2799716841982445e-10,0.2,600,128
HRP-000121,HRP,2,484,485,486,1,2,4,False,delivered,1,True,16QAM,61.3494467366344,2.559943368396489e-10,0.2,600,256
ETC-000093,ETC,1,487,487,488,0,1,1,False,delivered,1,True,16QAM,56.51425208120077,1.2799716841982445e-10,0.2,600,128
ETC-000094,ETC,1,488,488,489,0,1,1,False,delivered,1,True,16QAM,56.00470817395703,1.2799716841982445e-10,0.2,600,128
HRP-000122,HRP,2,488,489,490,1,2,4,False,delivered,1,True,16QAM,49.24298048014058,2.559943368396489e-10,0.2,600,256
ETC-000095,ETC,1,491,491,492,0,1,1,False,delivered,1,True,16QAM,67.93252801887712,1.2799716841982445e-10,0.2,600,128
HRP-000123,HRP,2,492,492,493,0,1,4,False,delivered,1,True,16QAM,62.922956751119145,2.559943368396489e-10,0.2,600,256
HRP-000124,HRP,2,496,496,497,0,1,4,False,delivered,1,True,16QAM,65.03278759534913,2.559943368396489e-10,0.2,600,256
HRP-000125,HRP,2,500,500,501,0,1,4,False,delivered,1,True,16QAM,57.45081768464347,2.559943368396489e-10,0.2,600,256
SRP-000025,SRP,3,500,501,504,1,4,50,False,delivered,3,True,16QAM,61.73553191846561,1.5999646052478056e-09,0.2,600,1600
HRP-000126,HRP,2,504,504,505,0,1,4,False,delivered,1,True,16QAM,64.54725987362862,2.559943368396489e-10,0.2,600,256
HRP-000127,HRP,2,508,508,509,0,1,4,False,delivered,1,True,16QAM,49.68491014730013,2.559943368396489e-10,0.2,600,256
HRP-000128,HRP,2,512,512,513,0,1,4,False,delivered,1,True,16QAM,66.00621966294457,2.559943368396489e-10,0.2,600,256
HRP-000129,HRP,2,516,516,517,0,1,4,False,delivered,1,True,16QAM,57.58544981067979,2.559943368396489e-10,0.2,600,256
ETC-000096,ETC,1,519,519,520,0,1,1,False,delivered,1,True,16QAM,59.47454540006632,1.2799716841982445e-10,0.2,600,128
HRP-000130,HRP,2,520,520,521,0,1,4,False,delivered,1,True,16QAM,64.68178299715424,2.559943368396489e-10,0.2,600,256
SRP-000026,SRP,3,520,521,526,1,6,50,False,delivered,3,True,16QAM,61.476956590581,1.5999646052478056e-09,0.2,600,1600
ETC-000097,ETC,1,523,523,524,0,1,1,False,delivered,1,True,16QAM,53.4659359460866,1.2799716841982445e-10,0.2,600,128
HRP-000131,HRP,2,524,524,525,0,1,4,False,delivered,1,True,16QAM,67.2548027593641,2.559943368396489e-10,0.2,600,256
HRP-000132,HRP,2,528,528,529,0,1,4,False,delivered,1,True,16QAM,52.395483494775206,2.559943368396489e-10,0.2,600,256
HRP-000133,HRP,2,532,532,533,0,1,4,False,delivered,1,True,16QAM,46.47198718657431,2.559943368396489e-10,0.2,600,256
HRP-000134,HRP,2,536,536,537,0,1,4,False,delivered,1,True,16QAM,37.120730768856276,2.559943368396489e-10,0.2,600,256
HRP-000135,HRP,2,540,540,541,0,1,4,False,delivered,1,True,16QAM,59.88631608307634,2.559943368396489e-10,0.2,600,256
SRP-000027,SRP,3,540,542,546,2,6,50,False,delivered,3,True,16QAM,57.427109051762095,1.5999646052478056e-09,0.2,600,1600
ETC-000098,ETC,1,541,541,542,0,1,1,False,delivered,1,True,16QAM,57.41339760292612,1.2799716841982445e-10,0.2,600,128
HRP-000136,HRP,2,544,544,545,0,1,4,False,delivered,1,True,16QAM,63.76531216016359,2.559943368396489e-10,0.2,600,256
HRP-000137,HRP,2,548,548,549,0,1,4,False,delivered,1,True,16QAM,63.31395106156932,2.559943368396489e-10,0.2,600,256
ETC-000099,ETC,1,551,551,552,0,1,1,False,delivered,1,True,16QAM,61.4345010677079,1.2799716841982445e-10,0.2,600,128
ETC-000100,ETC,1,552,552,553,0,1,1,False,delivered,1,True,16QAM,63.93266835418431,1.2799716841982445e-10,0.2,600,128
HRP-000138,HRP,2,552,553,554,1,2,4,False,delivered,1,True,16QAM,53.4889027243947,2.559943368396489e-10,0.2,600,256
HRP-000139,HRP,2,556,556,557,0,1,4,False,delivered,1,True,16QAM,51.20233088208589,2.559943368396489e-10,0.2,600,256
ETC-000101,ETC,1,559,559,560,0,1,1,False,delivered,1,True,16QAM,35.083970426518846,1.2799716841982445e-10,0.2,600,128
HRP-000140,HRP,2,560,560,561,0,1,4,False,delivered,1,True,16QAM,60.597894278109344,2.559943368396489e-10,0.2,600,256
SRP-000028,SRP,3,560,561,564,1,4,50,False,delivered,3,True,16QAM,57.175530738444884,1.5999646052478056e-09,0.2,600,1600
HRP-000141,HRP,2,564,564,565,0,1,4,False,delivered,1,True,16QAM,64.74942123799202,2.559943368396489e-10,0.2,600,256
ETC-000102,ETC,1,565,565,566,0,1,1,False,delivered,1,True,16QAM,59.39256452420523,1.2799716841982445e-10,0.2,600,128
HRP-000142,HRP,2,568,568,569,0,1,4,False,delivered,1,True,16QAM,61.50676679198285,2.559943368396489e-10,0.2,600,256
ETC-000103,ETC,1,569,569,570,0,1,1,False,delivered,1,True,16QAM,57.60176274204079,1.2799716841982445e-10,0.2,600,128
ETC-000104,ETC,1,571,571,572,0,1,1,False,delivered,1,True,16QAM,59.72364217425958,1.2799716841982445e-10,0.2,600,128
HRP-000143,HRP,2,572,572,573,0,1,4,False,delivered,1,True,16QAM,63.6721835507415,2.559943368396489e-10,0.2,600,256
HRP-000144,HRP,2,576,576,577,0,1,4,False,delivered,1,True,16QAM,52.98059742073916,2.559943368396489e-10,0.2,600,256
ETC-000105,ETC,1,577,577,578,0,1,1,False,delivered,1,True,16QAM,61.761976678290836,1.2799716841982445e-10,0.2,600,128
ETC-000106,ETC,1,578,578,579,0,1,1,False,delivered,1,True,16QAM,37.76875525313421,1.2799716841982445e-10,0.2,600,128
HRP-000145,HRP,2,580,580,581,0,1,4,False,delivered,1,True,16QAM,52.911690645011696,2.559943368396489e-10,0.2,600,256
SRP-000029,SRP,3,580,582,587,2,7,50,False,delivered,3,True,16QAM,60.08734729484368,1.5999646052478056e-09,0.2,600,1600
ETC-000107,ETC,1,581,581,582,0,1,1,False,delivered,1,True,16QAM,60.94426611490971,1.2799716841982445e-10,0.2,600,128
HRP-000146,HRP,2,584,584,585,0,1,4,False,delivered,1,True,16QAM,71.13681233200808,2.559943368396489e-10,0.2,600,256
ETC-000108,ETC,1,585,585,586,0,1,1,False,delivered,1,True,16QAM,58.891987853204796,1.2799716841982445e-10,0.2,600,128
HRP-000147,HRP,2,588,588,589,0,1,4,False,delivered,1,True,16QAM,52.38396656250779,2.559943368396489e-10,0.2,600,256
HRP-000148,HRP,2,592,592,593,0,1,4,False,delivered,1,True,16QAM,40.57102464877907,2.559943368396489e-10,0.2,600,256
HRP-000149,HRP,2,596,596,597,0,1,4,False,delivered,1,True,16QAM,66.86045932806022,2.559943368396489e-10,0.2,600,256
HRP-000150,HRP,2,600,600,601,0,1,4,False,delivered,1,True,16QAM,62.794158645527915,2.559943368396489e-10,0.2,600,256
SRP-000030,SRP,3,600,602,606,2,6,50,False,delivered,3,True,16QAM,61.994542499222035,1.5999646052478056e-09,0.2,600,1600
ETC-000109,ETC,1,601,601,602,0,1,1,False,delivered,1,True,16QAM,55.5403745318349,1.2799716841982445e-10,0.2,600,128
HRP-000151,HRP,2,604,604,605,0,1,4,False,delivered,1,True,16QAM,38.857912477282774,2.559943368396489e-10,0.2,600,256
HRP-000152,HRP,2,608,608,609,0,1,4,False,delivered,1,True,16QAM,56.23462307968567,2.559943368396489e-10,0.2,600,256
ETC-000110,ETC,1,612,612,613,0,1,1,False,delivered,1,True,16QAM,59.45097927106575,1.2799716841982445e-10,0.2,600,128
HRP-000153,HRP,2,612,613,614,1,2,4,False,delivered,1,True,16QAM,66.97521208491891,2.559943368396489e-10,0.2,600,256
ETC-000111,ETC,1,614,614,615,0,1,1,False,delivered,1,True,16QAM,64.28644114156239,1.2799716841982445e-10,0.2,600,128
HRP-000154,HRP,2,616,616,617,0,1,4,False,delivered,1,True,16QAM,65.6930647428454,2.559943368396489e-10,0.2,600,256
ETC-000112,ETC,1,618,618,619,0,1,1,False,delivered,1,True,16QAM,64.41633072203638,1.2799716841982445e-10,0.2,600,128
ETC-000113,ETC,1,619,619,620,0,1,1,False,delivered,1,True,16QAM,49.757151227649175,1.2799716841982445e-10,0.2,600,128
HRP-000155,HRP,2,620,620,621,0,1,4,False,delivered,1,True,16QAM,59.489218308855115,2.559943368396489e-10,0.2,600,256
SRP-000031,SRP,3,620,621,624,1,4,50,False,delivered,3,True,16QAM,54.30262437840227,1.5999646052478056e-09,0.2,600,1600
HRP-000156,HRP,2,624,624,625,0,1,4,False,delivered,1,True,16QAM,61.16348564764641,2.559943368396489e-10,0.2,600,256
HRP-000157,HRP,2,628,628,629,0,1,4,False,delivered,1,True,16QAM,63.50096104756883,2.559943368396489e-10,0.2,600,256
ETC-000114,ETC,1,632,632,633,0,1,1,False,delivered,1,True,16QAM,71.23611849121613,1.2799716841982445e-10,0.2,600,128
HRP-000158,HRP,2,632,633,634,1,2,4,False,delivered,1,True,16QAM,41.58639783436031,2.559943368396489e-10,0.2,600,256
HRP-000159,HRP,2,636,636,637,0,1,4,False,delivered,1,True,16QAM,40.59527907055029,2.559943368396489e-10,0.2,600,256
HRP-000160,HRP,2,640,640,641,0,1,4,False,delivered,1,True,16QAM,57.072781406322164,2.559943368396489e-10,0.2,600,256
SRP-000032,SRP,3,640,641,647,1,7,50,False,delivered,3,True,16QAM,60.219885445953366,1.5999646052478056e-09,0.2,600,1600
ETC-000115,ETC,1,643,643,644,0,1,1,False,delivered,1,True,16QAM,61.28982576964503,1.2799716841982445e-10,0.2,600,128
HRP-000161,HRP,2,644,644,645,0,1,4,False,delivered,1,True,16QAM,53.853695887266326,2.559943368396489e-10,0.2,600,256
ETC-000116,ETC,1,645,645,646,0,1,1,False,delivered,1,True,16QAM,46.9904237120203,1.2799716841982445e-10,0.2,600,128
HRP-000162,HRP,2,648,648,649,0,1,4,False,delivered,1,True,16QAM,58.40250592442427,2.559943368396489e-10,0.2,600,256
ETC-000117,ETC,1,651,651,652,0,1,1,False,delivered,1,True,16QAM,68.04092162554008,1.2799716841982445e-10,0.2,600,128
HRP-000163,HRP,2,652,652,653,0,1,4,False,delivered,1,True,16QAM,64.79853943185886,2.559943368396489e-10,0.2,600,256
ETC-000118,ETC,1,656,656,657,0,1,1,False,delivered,1,True,16QAM,66.57473430361162,1.2799716841982445e-10,0.2,600,128
HRP-000164,HRP,2,656,658,659,2,3,4,False,delivered,1,True,16QAM,65.16393166332078,2.559943368396489e-10,0.2,600,256
ETC-000119,ETC,1,657,657,658,0,1,1,False,delivered,1,True,16QAM,39.663268799682754,1.2799716841982445e-10,0.2,600,128
HRP-000165,HRP,2,660,660,661,0,1,4,False,delivered,1,True,16QAM,46.88120598699694,2.559943368396489e-10,0.2,600,256
SRP-000033,SRP,3,660,661,664,1,4,50,False,delivered,3,True,16QAM,38.32521252411267,1.5999646052478056e-09,0.2,600,1600
HRP-000166,HRP,2,664,664,665,0,1,4,False,delivered,1,True,16QAM,70.252657630405,2.559943368396489e-10,0.2,600,256
ETC-000120,ETC,1,665,665,666,0,1,1,False,delivered,1,True,16QAM,54.97898290713295,1.2799716841982445e-10,0.2,600,128
HRP-000167,HRP,2,668,668,669,0,1,4,False,delivered,1,True,16QAM,50.94310167015885,2.559943368396489e-10,0.2,600,256
ETC-000121,ETC,1,669,669,670,0,1,1,False,delivered,1,True,16QAM,48.77400995201544,1.2799716841982445e-10,0.2,600,128
HRP-000168,HRP,2,672,672,673,0,1,4,False,delivered,1,True,16QAM,61.99099849564338,2.559943368396489e-10,0.2,600,256
HRP-000169,HRP,2,676,676,677,0,1,4,False,delivered,1,True,16QAM,67.28325436838767,2.559943368396489e-10,0.2,600,256
ETC-000122,ETC,1,677,677,678,0,1,1,False,delivered,1,True,16QAM,62.24165927084164,1.2799716841982445e-10,0.2,600,128
HRP-000170,HRP,2,680,680,681,0,1,4,False,delivered,1,True,16QAM,56.894897608311766,2.559943368396489e-10,0.2,600,256
SRP-000034,SRP,3,680,683,690,3,10,50,False,delivered,3,True,16QAM,69.57961486488598,1.5999646052478056e-09,0.2,600,1600
ETC-000123,ETC,1,681,681,682,0,1,1,False,delivered,1,True,16QAM,53.585930009829156,1.2799716841982445e-10,0.2,600,128
ETC-000124,ETC,1,682,682,683,0,1,1,False,delivered,1,True,16QAM,61.46277833621686,1.2799716841982445e-10,0.2,600,128
ETC-000125,ETC,1,684,684,685,0,1,1,False,delivered,1,True,16QAM,61.54748056073407,1.2799716841982445e-10,0.2,600,128
HRP-000171,HRP,2,684,686,687,2,3,4,False,delivered,1,True,16QAM,59.74605309458059,2.559943368396489e-10,0.2,600,256
ETC-000126,ETC,1,685,685,686,0,1,1,False,delivered,1,True,16QAM,62.58176829497068,1.2799716841982445e-10,0.2,600,128
HRP-000172,HRP,2,688,688,689,0,1,4,False,delivered,1,True,16QAM,41.821958708929216,2.559943368396489e-10,0.2,600,256
HRP-000173,HRP,2,692,692,693,0,1,4,False,delivered,1,True,16QAM,58.192604480505125,2.559943368396489e-10,0.2,600,256
HRP-000174,HRP,2,696,696,697,0,1,4,False,delivered,1,True,16QAM,60.19322175850914,2.559943368396489e-10,0.2,600,256
ETC-000127,ETC,1,699,699,700,0,1,1,False,delivered,1,True,16QAM,62.809478419425105,1.2799716841982445e-10,0.2,600,128
HRP-000175,HRP,2,700,700,701,0,1,4,False,delivered,1,True,16QAM,68.7817207455688,2.559943368396489e-10,0.2,600,256
SRP-000035,SRP,3,700,701,704,1,4,50,False,delivered,3,True,16QAM,58.76978535200226,1.5999646052478056e-09,0.2,600,1600
HRP-000176,HRP,2,704,704,705,0,1,4,False,delivered,1,True,16QAM,66.97614843183868,2.559943368396489e-10,0.2,600,256
HRP-000177,HRP,2,708,708,709,0,1,4,False,delivered,1,True,16QAM,65.07276919079692,2.559943368396489e-10,0.2,600,256
ETC-000128,ETC,1,710,710,711,0,1,1,False,delivered,1,True,16QAM,58.84312519875998,1.2799716841982445e-10,0.2,600,128
HRP-000178,HRP,2,712,712,713,0,1,4,False,delivered,1,True,16QAM,54.14840927269468,2.559943368396489e-10,0.2,600,256
HRP-000179,HRP,2,716,716,717,0,1,4,False,delivered,1,True,16QAM,63.957138752595085,2.559943368396489e-10,0.2,600,256
ETC-000129,ETC,1,719,719,720,0,1,1,False,delivered,1,True,16QAM,54.974195148114966,1.2799716841982445e-10,0.2,600,128
HRP-000180,HRP,2,720,720,721,0,1,4,False,delivered,1,True,16QAM,70.53021089294519,2.559943368396489e-10,0.2,600,256
SRP-000036,SRP,3,720,723,727,3,7,50,False,delivered,3,True,16QAM,54.40887561024852,1.5999646052478056e-09,0.2,600,1600
ETC-000130,ETC,1,721,721,722,0,1,1,False,delivered,1,True,16QAM,53.363305670646255,1.2799716841982445e-10,0.2,600,128
ETC-000131,ETC,1,722,722,723,0,1,1,False,delivered,1,True,16QAM,63.53917357226492,1.2799716841982445e-10,0.2,600,128
HRP-000181,HRP,2,724,724,725,0,1,4,False,delivered,1,True,16QAM,54.71276924847818,2.559943368396489e-10,0.2,600,256
HRP-000182,HRP,2,728,728,729,0,1,4,False,delivered,1,True,16QAM,64.67228489672918,2.559943368396489e-10,0.2,600,256
HRP-000183,HRP,2,732,732,733,0,1,4,False,delivered,1,True,16QAM,65.5956073473531,2.559943368396489e-10,0.2,600,256
ETC-000132,ETC,1,733,733,734,0,1,1,False,delivered,1,True,16QAM,64.39474194648668,1.2799716841982445e-10,0.2,600,128
HRP-000184,HRP,2,736,736,737,0,1,4,False,delivered,1,True,16QAM,59.77097454025805,2.559943368396489e-10,0.2,600,256
HRP-000185,HRP,2,740,740,741,0,1,4,False,delivered,1,True,16QAM,53.54084912159454,2.559943368396489e-10,0.2,600,256
SRP-000037,SRP,3,740,741,744,1,4,50,False,delivered,3,True,16QAM,56.035749701782514,1.5999646052478056e-09,0.2,600,1600
HRP-000186,HRP,2,744,744,745,0,1,4,False,delivered,1,True,16QAM,56.417395226265114,2.559943368396489e-10,0.2,600,256
ETC-000133,ETC,1,748,748,749,0,1,1,False,delivered,1,True,16QAM,48.64772166999578,1.2799716841982445e-10,0.2,600,128
HRP-000187,HRP,2,748,750,751,2,3,4,False,delivered,1,True,16QAM,63.24072700756975,2.559943368396489e-10,0.2,600,256
ETC-000134,ETC,1,749,749,750,0,1,1,False,delivered,1,True,16QAM,57.22453146171099,1.2799716841982445e-10,0.2,600,128
HRP-000188,HRP,2,752,752,753,0,1,4,False,delivered,1,True,16QAM,59.38750630264057,2.559943368396489e-10,0.2,600,256
ETC-000135,ETC,1,753,753,754,0,1,1,False,delivered,1,True,16QAM,68.54376617168282,1.2799716841982445e-10,0.2,600,128
ETC-000136,ETC,1,754,754,755,0,1,1,False,delivered,1,True,16QAM,38.31123199979387,1.2799716841982445e-10,0.2,600,128
HRP-000189,HRP,2,756,756,757,0,1,4,False,delivered,1,True,16QAM,61.80060199797055,2.559943368396489e-10,0.2,600,256
HRP-000190,HRP,2,760,760,761,0,1,4,False,delivered,1,True,16QAM,48.09985050658666,2.559943368396489e-10,0.2,600,256
SRP-000038,SRP,3,760,761,766,1,6,50,False,delivered,3,True,16QAM,47.61007748613857,1.5999646052478056e-09,0.2,600,1600
ETC-000137,ETC,1,762,762,763,0,1,1,False,delivered,1,True,16QAM,53.661896008639246,1.2799716841982445e-10,0.2,600,128
HRP-000191,HRP,2,764,764,765,0,1,4,False,delivered,1,True,16QAM,64.65371922355345,2.559943368396489e-10,0.2,600,256
HRP-000192,HRP,2,768,768,769,0,1,4,False,delivered,1,True,16QAM,71.80319566393146,2.559943368396489e-10,0.2,600,256
ETC-000138,ETC,1,770,770,771,0,1,1,False,delivered,1,True,16QAM,61.61624498062271,1.2799716841982445e-10,0.2,600,128
ETC-000139,ETC,1,771,771,772,0,1,1,False,delivered,1,True,16QAM,61.447436047417874,1.2799716841982445e-10,0.2,600,128
HRP-000193,HRP,2,772,772,773,0,1,4,False,delivered,1,True,16QAM,65.63831877263176,2.559943368396489e-10,0.2,600,256
ETC-000140,ETC,1,775,775,776,0,1,1,False,delivered,1,True,16QAM,60.2901747150791,1.2799716841982445e-10,0.2,600,128
HRP-000194,HRP,2,776,776,777,0,1,4,False,delivered,1,True,16QAM,40.09113059619982,2.559943368396489e-10,0.2,600,256
ETC-000141,ETC,1,779,779,780,0,1,1,False,delivered,1,True,16QAM,37.23172837486847,1.2799716841982445e-10,0.2,600,128
HRP-000195,HRP,2,780,780,781,0,1,4,False,delivered,1,True,16QAM,67.14752680320325,2.559943368396489e-10,0.2,600,256
SRP-000039,SRP,3,780,782,786,2,6,50,False,delivered,3,True,16QAM,65.75456136013722,1.5999646052478056e-09,0.2,600,1600
ETC-000142,ETC,1,781,781,782,0,1,1,False,delivered,1,True,16QAM,64.79039929933163,1.2799716841982445e-10,0.2,600,128
HRP-000196,HRP,2,784,784,785,0,1,4,False,delivered,1,True,16QAM,68.18080434226059,2.559943368396489e-10,0.2,600,256
HRP-000197,HRP,2,788,788,789,0,1,4,False,delivered,1,True,16QAM,57.28721578710107,2.559943368396489e-10,0.2,600,256
ETC-000143,ETC,1,792,792,793,0,1,1,False,delivered,1,True,16QAM,56.0704700109246,1.2799716841982445e-10,0.2,600,128
HRP-000198,HRP,2,792,793,794,1,2,4,False,delivered,1,True,16QAM,57.76770127394006,2.559943368396489e-10,0.2,600,256
ETC-000144,ETC,1,795,795,796,0,1,1,False,delivered,1,True,16QAM,49.50020312276785,1.2799716841982445e-10,0.2,600,128
HRP-000199,HRP,2,796,796,797,0,1,4,False,delivered,1,True,16QAM,56.626539059583806,2.559943368396489e-10,0.2,600,256
ETC-000145,ETC,1,797,797,798,0,1,1,False,delivered,1,True,16QAM,54.65853462258984,1.2799716841982445e-10,0.2,600,128
HRP-000200,HRP,2,800,800,801,0,1,4,False,delivered,1,True,16QAM,61.84810609097573,2.559943368396489e-10,0.2,600,256
SRP-000040,SRP,3,800,802,806,2,6,50,False,delivered,3,True,16QAM,68.22153220981617,1.5999646052478056e-09,0.2,600,1600
ETC-000146,ETC,1,801,801,802,0,1,1,False,delivered,1,True,16QAM,33.74674796432005,1.2799716841982445e-10,0.2,600,128
HRP-000201,HRP,2,804,804,805,0,1,4,False,delivered,1,True,16QAM,64.23351675498694,2.559943368396489e-10,0.2,600,256
ETC-000147,ETC,1,808,808,809,0,1,1,False,delivered,1,True,16QAM,58.962570816714795,1.2799716841982445e-10,0.2,600,128
HRP-000202,HRP,2,808,809,810,1,2,4,False,delivered,1,True,16QAM,62.99634538708176,2.559943368396489e-10,0.2,600,256
ETC-000148,ETC,1,810,810,811,0,1,1,False,delivered,1,True,16QAM,61.380562142940335,1.2799716841982445e-10,0.2,600,128
ETC-000149,ETC,1,812,812,813,0,1,1,False,delivered,1,True,16QAM,46.77036520878762,1.2799716841982445e-10,0.2,600,128
HRP-000203,HRP,2,812,813,814,1,2,4,False,delivered,1,True,16QAM,43.9701462437295,2.559943368396489e-10,0.2,600,256
HRP-000204,HRP,2,816,816,817,0,1,4,False,delivered,1,True,16QAM,78.94150938770403,2.559943368396489e-10,0.2,600,256
HRP-000205,HRP,2,820,820,821,0,1,4,False,delivered,1,True,16QAM,53.36312098199949,2.559943368396489e-10,0.2,600,256
SRP-000041,SRP,3,820,821,824,1,4,50,False,delivered,3,True,16QAM,68.64713946046068,1.5999646052478056e-09,0.2,600,1600
HRP-000206,HRP,2,824,824,825,0,1,4,False,delivered,1,True,16QAM,63.140612676746244,2.559943368396489e-10,0.2,600,256
HRP-000207,HRP,2,828,828,829,0,1,4,False,delivered,1,True,16QAM,67.18622826434614,2.559943368396489e-10,0.2,600,256
HRP-000208,HRP,2,832,832,833,0,1,4,False,delivered,1,True,16QAM,40.61611938812071,2.559943368396489e-10,0.2,600,256
HRP-000209,HRP,2,836,836,837,0,1,4,False,delivered,1,True,16QAM,65.07567904655508,2.559943368396489e-10,0.2,600,256
ETC-000150,ETC,1,839,839,840,0,1,1,False,delivered,1,True,16QAM,63.820648472876975,1.2799716841982445e-10,0.2,600,128
HRP-000210,HRP,2,840,840,841,0,1,4,False,delivered,1,True,16QAM,55.841966849344445,2.559943368396489e-10,0.2,600,256
SRP-000042,SRP,3,840,841,844,1,4,50,False,delivered,3,True,16QAM,60.979355380248705,1.5999646052478056e-09,0.2,600,1600
HRP-000211,HRP,2,844,844,845,0,1,4,False,delivered,1,True,16QAM,51.02264805943391,2.559943368396489e-10,0.2,600,256
ETC-000151,ETC,1,845,845,846,0,1,1,False,delivered,1,True,16QAM,63.55828459206555,1.2799716841982445e-10,0.2,600,128
ETC-000152,ETC,1,848,848,849,0,1,1,False,delivered,1,True,16QAM,64.29254500773554,1.2799716841982445e-10,0.2,600,128
HRP-000212,HRP,2,848,849,850,1,2,4,False,delivered,1,True,16QAM,64.99221556860404,2.559943368396489e-10,0.2,600,256
ETC-000153,ETC,1,852,852,853,0,1,1,False,delivered,1,True,16QAM,46.76461170373808,1.2799716841982445e-10,0.2,600,128
HRP-000213,HRP,2,852,854,855,2,3,4,False,delivered,1,True,16QAM,56.995662748445426,2.559943368396489e-10,0.2,600,256
ETC-000154,ETC,1,853,853,854,0,1,1,False,delivered,1,True,16QAM,60.36904219716989,1.2799716841982445e-10,0.2,600,128
ETC-000155,ETC,1,855,855,856,0,1,1,False,delivered,1,True,16QAM,58.85975634931525,1.2799716841982445e-10,0.2,600,128
HRP-000214,HRP,2,856,856,857,0,1,4,False,delivered,1,True,16QAM,53.8254174403269,2.559943368396489e-10,0.2,600,256
ETC-000156,ETC,1,858,858,859,0,1,1,False,delivered,1,True,16QAM,44.73120276977669,1.2799716841982445e-10,0.2,600,128
HRP-000215,HRP,2,860,860,861,0,1,4,False,delivered,1,True,16QAM,43.12067526674745,2.559943368396489e-10,0.2,600,256
SRP-000043,SRP,3,860,861,867,1,7,50,False,delivered,3,True,16QAM,61.402035104253244,1.5999646052478056e-09,0.2,600,1600
ETC-000157,ETC,1,863,863,864,0,1,1,False,delivered,1,True,16QAM,53.891566104383,1.2799716841982445e-10,0.2,600,128
HRP-000216,HRP,2,864,864,865,0,1,4,False,delivered,1,True,16QAM,56.779426717142556,2.559943368396489e-10,0.2,600,256
ETC-000158,ETC,1,865,865,866,0,1,1,False,delivered,1,True,16QAM,38.917413985157744,1.2799716841982445e-10,0.2,600,128
ETC-000159,ETC,1,867,867,868,0,1,1,False,delivered,1,True,16QAM,42.37645583879335,1.2799716841982445e-10,0.2,600,128
ETC-000160,ETC,1,868,868,869,0,1,1,False,delivered,1,True,16QAM,57.42788538654332,1.2799716841982445e-10,0.2,600,128
HRP-000217,HRP,2,868,869,870,1,2,4,False,delivered,1,True,16QAM,54.84186665502638,2.559943368396489e-10,0.2,600,256
HRP-000218,HRP,2,872,872,873,0,1,4,False,delivered,1,True,16QAM,68.84154242610548,2.559943368396489e-10,0.2,600,256
ETC-000161,ETC,1,873,873,874,0,1,1,False,delivered,1,True,16QAM,57.78095192124877,1.2799716841982445e-10,0.2,600,128
ETC-000162,ETC,1,875,875,876,0,1,1,False,delivered,1,True,16QAM,55.381389811357906,1.2799716841982445e-10,0.2,600,128
HRP-000219,HRP,2,876,876,877,0,1,4,False,delivered,1,True,16QAM,45.30553958630857,2.559943368396489e-10,0.2,600,256
HRP-000220,HRP,2,880,880,881,0,1,4,False,delivered,1,True,16QAM,48.859032511731556,2.559943368396489e-10,0.2,600,256
SRP-000044,SRP,3,880,881,884,1,4,50,False,delivered,3,True,16QAM,63.65141271359726,1.5999646052478056e-09,0.2,600,1600
HRP-000221,HRP,2,884,884,885,0,1,4,False,delivered,1,True,16QAM,61.66313617203797,2.559943368396489e-10,0.2,600,256
ETC-000163,ETC,1,887,887,888,0,1,1,False,delivered,1,True,16QAM,64.05429115636672,1.2799716841982445e-10,0.2,600,128
HRP-000222,HRP,2,888,888,889,0,1,4,False,delivered,1,True,16QAM,56.10807659889009,2.559943368396489e-10,0.2,600,256
HRP-000223,HRP,2,892,892,893,0,1,4,False,delivered,1,True,16QAM,60.125095161609366,2.559943368396489e-10,0.2,600,256
HRP-000224,HRP,2,896,896,897,0,1,4,False,delivered,1,True,16QAM,64.35673859494482,2.559943368396489e-10,0.2,600,256
ETC-000164,ETC,1,897,897,898,0,1,1,False,delivered,1,True,16QAM,64.47691471521334,1.2799716841982445e-10,0.2,600,128
ETC-000165,ETC,1,898,898,899,0,1,1,False,delivered,1,True,16QAM,43.05899680530692,1.2799716841982445e-10,0.2,600,128
ETC-000166,ETC,1,900,900,901,0,1,1,False,delivered,1,True,16QAM,57.06758493270962,1.2799716841982445e-10,0.2,600,128
HRP-000225,HRP,2,900,901,902,1,2,4,False,delivered,1,True,16QAM,49.594410024062874,2.559943368396489e-10,0.2,600,256
SRP-000045,SRP,3,900,902,906,2,6,50,False,delivered,3,True,16QAM,20.811591733854318,0.000545897060991507,0.2,600,1600
HRP-000226,HRP,2,904,904,905,0,1,4,False,delivered,1,True,16QAM,60.82490770129106,2.559943368396489e-10,0.2,600,256
ETC-000167,ETC,1,906,906,907,0,1,1,False,delivered,1,True,16QAM,47.832070037747194,1.2799716841982445e-10,0.2,600,128
ETC-000168,ETC,1,908,908,909,0,1,1,False,delivered,1,True,16QAM,44.99222790431347,1.2799716841982445e-10,0.2,600,128
HRP-000227,HRP,2,908,910,911,2,3,4,False,delivered,1,True,16QAM,57.45965141159849,2.559943368396489e-10,0.2,600,256
ETC-000169,ETC,1,909,909,910,0,1,1,False,delivered,1,True,16QAM,67.1408325588267,1.2799716841982445e-10,0.2,600,128
HRP-000228,HRP,2,912,912,913,0,1,4,False,delivered,1,True,16QAM,62.141379248071104,2.559943368396489e-10,0.2,600,256
HRP-000229,HRP,2,916,916,917,0,1,4,False,delivered,1,True,16QAM,64.0520442885722,2.559943368396489e-10,0.2,600,256
HRP-000230,HRP,2,920,920,921,0,1,4,False,delivered,1,True,16QAM,55.78893013043124,2.559943368396489e-10,0.2,600,256
SRP-000046,SRP,3,920,921,926,1,6,50,False,delivered,3,True,16QAM,64.06059298312616,1.5999646052478056e-09,0.2,600,1600
ETC-000170,ETC,1,923,923,924,0,1,1,False,delivered,1,True,16QAM,57.18841707582386,1.2799716841982445e-10,0.2,600,128
HRP-000231,HRP,2,924,924,925,0,1,4,False,delivered,1,True,16QAM,44.51103693533905,2.559943368396489e-10,0.2,600,256
ETC-000171,ETC,1,928,928,929,0,1,1,False,delivered,1,True,16QAM,44.749263573069825,1.2799716841982445e-10,0.2,600,128
HRP-000232,HRP,2,928,929,930,1,2,4,False,delivered,1,True,16QAM,70.17949887409591,2.559943368396489e-10,0.2,600,256
ETC-000172,ETC,1,932,932,933,0,1,1,False,delivered,1,True,16QAM,55.13260639575445,1.2799716841982445e-10,0.2,600,128
HRP-000233,HRP,2,932,933,934,1,2,4,False,delivered,1,True,16QAM,64.9669180930498,2.559943368396489e-10,0.2,600,256
HRP-000234,HRP,2,936,936,937,0,1,4,False,delivered,1,True,16QAM,57.99029899595534,2.559943368396489e-10,0.2,600,256
ETC-000173,ETC,1,940,940,941,0,1,1,False,delivered,1,True,16QAM,50.17543466874671,1.2799716841982445e-10,0.2,600,128
HRP-000235,HRP,2,940,941,942,1,2,4,False,delivered,1,True,16QAM,64.45139480306938,2.559943368396489e-10,0.2,600,256
SRP-000047,SRP,3,940,942,946,2,6,50,False,delivered,3,True,16QAM,60.88323501457141,1.5999646052478056e-09,0.2,600,1600
HRP-000236,HRP,2,944,944,945,0,1,4,False,delivered,1,True,16QAM,62.83164134897242,2.559943368396489e-10,0.2,600,256
HRP-000237,HRP,2,948,948,949,0,1,4,False,delivered,1,True,16QAM,55.68103965749907,2.559943368396489e-10,0.2,600,256
ETC-000174,ETC,1,949,949,950,0,1,1,False,delivered,1,True,16QAM,57.13110856013146,1.2799716841982445e-10,0.2,600,128
ETC-000175,ETC,1,951,951,952,0,1,1,False,delivered,1,True,16QAM,76.44267023749704,1.2799716841982445e-10,0.2,600,128
ETC-000176,ETC,1,952,952,953,0,1,1,False,delivered,1,True,16QAM,63.46956189304484,1.2799716841982445e-10,0.2,600,128
HRP-000238,HRP,2,952,953,954,1,2,4,False,delivered,1,True,16QAM,59.30661596598818,2.559943368396489e-10,0.2,600,256
ETC-000177,ETC,1,955,955,956,0,1,1,False,delivered,1,True,16QAM,46.71759667831236,1.2799716841982445e-10,0.2,600,128
HRP-000239,HRP,2,956,956,957,0,1,4,False,delivered,1,True,16QAM,48.610582102198094,2.559943368396489e-10,0.2,600,256
ETC-000178,ETC,1,958,958,959,0,1,1,False,delivered,1,True,16QAM,56.344394004508715,1.2799716841982445e-10,0.2,600,128
HRP-000240,HRP,2,960,960,961,0,1,4,False,delivered,1,True,16QAM,48.15992345664072,2.559943368396489e-10,0.2,600,256
SRP-000048,SRP,3,960,961,966,1,6,50,False,delivered,3,True,16QAM,61.76095485917629,1.5999646052478056e-09,0.2,600,1600
ETC-000179,ETC,1,962,962,963,0,1,1,False,delivered,1,True,16QAM,58.22591825292362,1.2799716841982445e-10,0.2,600,128
HRP-000241,HRP,2,964,964,965,0,1,4,False,delivered,1,True,16QAM,65.19199297348968,2.559943368396489e-10,0.2,600,256
HRP-000242,HRP,2,968,968,969,0,1,4,False,delivered,1,True,16QAM,59.17822585350053,2.559943368396489e-10,0.2,600,256
ETC-000180,ETC,1,969,969,970,0,1,1,False,delivered,1,True,16QAM,68.16266724410082,1.2799716841982445e-10,0.2,600,128
HRP-000243,HRP,2,972,972,973,0,1,4,False,delivered,1,True,16QAM,47.540058504814304,2.559943368396489e-10,0.2,600,256
ETC-000181,ETC,1,975,975,976,0,1,1,False,delivered,1,True,16QAM,38.604902225351346,1.2799716841982445e-10,0.2,600,128
HRP-000244,HRP,2,976,976,977,0,1,4,False,delivered,1,True,16QAM,61.277461792697856,2.559943368396489e-10,0.2,600,256
HRP-000245,HRP,2,980,980,981,0,1,4,False,delivered,1,True,16QAM,65.19598455063492,2.559943368396489e-10,0.2,600,256
SRP-000049,SRP,3,980,981,984,1,4,50,False,delivered,3,True,16QAM,47.62997706151094,1.5999646052478056e-09,0.2,600,1600
HRP-000246,HRP,2,984,984,985,0,1,4,False,delivered,1,True,16QAM,57.32189181484426,2.559943368396489e-10,0.2,600,256
HRP-000247,HRP,2,988,988,989,0,1,4,False,delivered,1,True,16QAM,59.82980621835674,2.559943368396489e-10,0.2,600,256
HRP-000248,HRP,2,992,992,993,0,1,4,False,delivered,1,True,16QAM,61.10335810293317,2.559943368396489e-10,0.2,600,256
ETC-000182,ETC,1,996,996,997,0,1,1,False,delivered,1,True,16QAM,59.33499507196831,1.2799716841982445e-10,0.2,600,128
HRP-000249,HRP,2,996,998,999,2,3,4,False,delivered,1,True,16QAM,59.20512485796317,2.559943368396489e-10,0.2,600,256
ETC-000183,ETC,1,997,997,998,0,1,1,False,delivered,1,True,16QAM,61.79627859766852,1.2799716841982445e-10,0.2,600,128
